Forward primer name,Reverse Primer name,Forward primer sequence,Reverse primer sequence,Target gene,Amplicon_size_from ,Amplicon_size_to ,Position
ACM_008,Klin0341_CR,AGAGTTTGATCCTGGCTCAG,CTGCWGCCNCCCGTAGG,16S,,,H3
ADM330,Klin0785_CR,ACTCCTACGGGAGGCAGC,GACTACHVGGGTATCTAATCC,16S,,,H4
Klin0341,Klin0785_CR,CCTACGGGNGGCWGCAG,GACTACHVGGGTATCTAATCC,16S,,,H5
ACM_008,ADM330_CR,AGAGTTTGATCCTGGCTCAG,GCTGCCTCCCGTAGGAGT,16S,,,H6
Proti1702,wang1624CR6L,YGGTGRTGCATGGCCGYT,GGGCGGTGTGTACAAAGG,18S,300,400,A1
Nem04256CR,EukB_MH,ATAACAGGTCTGTGATGCCCTT,TGATCCTTCTGCAGGTTCACC,18S,300,400,A2
wang1141,Nem_0425_6,GAATTGACGGAAGGGCACC,AAGGGCATCACAGACCTGTTAT,18S,300,400,A3
Proti1702,EukB_MV,YGGTGRTGCATGGCCGYT,TCCTTCTGCAGGTTCACCTAC,18S,400,500,A4
Proti1702,EukB_MH,YGGTGRTGCATGGCCGYT,TGATCCTTCTGCAGGTTCACC,18S,400,500,A5
Proti15,Proti440R,TGCCAGTAGTCATATGCTTGTYT,CAGGCYCSCTCTCCGGA,18S,300,400,A6
MarkN,Proti440R,GCTTGTCTCAAAGATTAAGCCN,CAGGCYCSCTCTCCGGA,18S,300,400,B1
Gen_600,Mach2Gen,GCCGCGGTAATTCCAGCT,TCCGTCAATTTCTTTAAGTTTCAG,18S,300,400,B2
Proti643,wang1141CR,CCGCGGTAATTCCAGCTC,GGTGCCCTTCCGTCAATTC,18S,500,600,B3
Mach1,Mach2Gen,TGGTGCCAGCAGCCGC,TCCGTCAATTTCTTTAAGTTTCAG,18S,500,600,B4
Gen_600,Nem_0425_4,GCCGCGGTAATTCCAGCT,ARACATTCTTGGCAAATGCYTTC,18S,300,400,B5
proti1580,wang1624CR6L,TTGACGGARKGGYACCACMA,GGGCGGTGTGTACAAAGG,18S,500,600,B6
MarkN,Euk360_CR,GCTTGTCTCAAAGATTAAGCCN,TCTCAKGCKCCYTCTCCG,18S,300,400,C1
Proti628,wang1141CR,GTCTGGTGCCAGCASCC,GGTGCCCTTCCGTCAATTC,18S,500,600,C2
Mach1,Nem_0425_4,TGGTGCCAGCAGCCGC,GAARACATTCTTGGCAAATGCY,18S,400,500,C3
Hadz_566,Mach2Gen,CAGCAGCCGCGGTAATTCC,TCCGTCAATTTCTTTAAGTTTCAG,18S,500,600,C4
Hadz_566,Nem_0425_4,CAGCAGCCGCGGTAATTCC,ARACATTCTTGGCAAATGCYTTC,18S,300,400,C5
Gen_600,Hadz_1200,GCCGCGGTAATTCCAGCT,CCCGTGTTGAGTCAAATTAAGC,18S,500,600,C6
Proti643,Proti1580R,CCGCGGTAATTCCAGCTC,TKGTGGTRCCMYTCCGTCAA,18S,500,600,D1
Hadz_1200CR,wang1624CR6L,GCTTAATTTGACTCAACACGGG,AGCGACGGGCGGTGTGTA,18S,300,400,D2
18S_0067a_deg_5Mod,NSR 399_5Mod,GCCATGCATGYCTAAGTATMA,AGGCTCCYTCTCCGG,18S,300,400,G4
18S_0067a_deg_3Mod,NSR 399_3Mod,AAGCCATGCATGYCTAAGTATM,TCTCAGGCTCCYTCTCC,18S,300,400,G5
GdhF_3Mod,GdhR_5Mod,TCAACGTCAACCGCG,TTGTCCTTGCACATCTCC,18S,500,600,G6
GdhF_3Mod,GdhR_3Mod,TCAACGTCAACCGCG,GTTGTCCTTGCACATCTCC,18S,500,600,H1
D3A_5Mod,D3B_5Mod,CCGTCTTGAAACACGGA,CGGAAGGAACCAGCTACTA,28S,300,400,E6
D3A_5_3Mod,D3B_5_3Mod,ACCCGTCTTGAAACACG,CGGAAGGAACCAGCTACT,28S,300,400,F1
NL1_5Mod,NL4_5Mod,ATATCAATAAGCGGAGGAAAAG,TCCGTGTTTCAAGACGG,28S,600,700,F2
LSU_Fwd_2_5Mod,LSU_Rev_4,CAAGTACCDTRAGGGAAAGTTG,GTTAGACTYCTTGGTCCGTG,28S,400,500,F6
LSU_Fwd_2_3Mod,LSU_Rev_4,ACAAGTACCDTRAGGGAAAGTT,GTTAGACTYCTTGGTCCGTG,28S,400,500,G1
500_3Mod,501_3Mod,ACTTTGAAGAGAGAGTTCAAGAGN,TCGGAAGGAACCAGCTAC,28S,600,700,H2
LCO1490,HCO2198_5Mod,GGTCAACAAATCATAAAGATATTGG,ACAGGGTGACCAAAAATCA,COI,600,700,E3
mlCOIintF_5Mod,HCO2198_5Mod,WGGWTGAACWGTWTAYCCYCC,ACAGGGTGACCAAAAATCA,COI,300,400,E4
mlCOIintF_3Mod,HCO2198_5Mod,GGWACWGGWTGAACWGTWTAYCC,ACAGGGTGACCAAAAATCA,COI,300,400,E5
fashF,fahR_3Mod,TATGTTTTGATTTTACCCGGG,ATGAGCAACCACAAACCAT,COI,400,500,G2
COI_10F_3Mod,COI_500R,GGWDSWGGWRYWGGWTGG,CATRTGRTGDGCCCAWAC,COI,500,600,G3
ITS4_Fwd_5Mod-51,ITS1F_Rev_5Mod,CCTCCGCTTATTGATATGC,NNCTTGGTCATTTAGAGGAAGTAA,ITS1-5.8S-ITS2,500,600,F3
Gfor_3Mod,Grev_3Mod,GGGATCCGTTTCCGTAG,GGGATCCATATGCTTAAGTTCA,ITS1-5.8S-ITS2,500,600,F4
Gfor_53Mod,Grev_53Mod,CCGTTTCCGTAGGTGAAC,CCATATGCTTAAGTTCAGCG,ITS1-5.8S-ITS2,500,600,F5
rbcL-a_f_5Mod,rbcL-a_r_5Mod,CACCACAAACAGAGACTAAAGC,CTGCTACAAATAAGAATCGATCTC,rbcL,500,600,D6
rbcL-a_f_5Mod,rbcLa_Fof-R ,CACCACAAACAGAGACTAAAGC,GTAAAATCAAGTCCACCRCG ,rbcL,500,600,E1
psbA3_f_5Mod,trnHf_05_5Mod,TTATGCATGAACGTAATGCTC,CATGGTGGATTCACAATCC,trnH_psbA,500,600,E2
trnL(UAA)c_5Mod,trnL(UAA)d_3Mod,GAAATCGGTAGACGCTACG,GGGGATAGAGGGACTTGAA,trnL(UAA),200,800,D3
trnL(UAA)c_3Mod,trnL(UAA)d_3Mod,CGAAATCGGTAGACGCTAC,GGGGATAGAGGGACTTGAA,trnL(UAA),200,800,D4
trnL5BR_3Mod,trnL3D2_3Mod,GATATGGCGAAATCGGTAG,TGGGGATAGAGGGACTTG,trnL(UAA),600,700,D5
